{"count":1,"self":1233.4640127999999,"total":10139.4240858,"children":{"InitializeActuators":{"count":8,"self":0.0019986,"total":0.0019986,"children":null},"InitializeSensors":{"count":8,"self":0.0010000999999999999,"total":0.0010000999999999999,"children":null},"AgentSendState":{"count":2500034,"self":12.0285792,"total":64.4387728,"children":{"CollectObservations":{"count":2000032,"self":17.175646399999998,"total":17.175646699999998,"children":null},"WriteActionMask":{"count":2000032,"self":2.2166525999999998,"total":2.2166525999999998,"children":null},"RequestDecision":{"count":2000032,"self":6.3507424,"total":33.017894399999996,"children":{"AgentInfo.ToProto":{"count":2000032,"self":6.024468,"total":26.6671518,"children":{"GenerateSensorData":{"count":2000032,"self":20.6426832,"total":20.6426837,"children":null}}}}}}},"DecideAction":{"count":2500034,"self":8805.3940224,"total":8805.3938961,"children":null},"AgentAct":{"count":2500034,"self":35.6315776,"total":35.631578,"children":null},"AgentInfo.ToProto":{"count":19074,"self":0.12417539999999999,"total":0.4907977,"children":{"GenerateSensorData":{"count":19074,"self":0.36662229999999996,"total":0.36662229999999996,"children":null}}}},"gauges":{"PlayerBehaviour.CumulativeReward":{"count":19074,"max":18.8,"min":0,"runningAverage":6.580692,"value":14.4,"weightedAverage":10.30617}},"metadata":{"timer_format_version":"0.1.0","start_time_seconds":"1653972856","unity_version":"2020.3.32f1","command_line_arguments":"C:\\Program Files\\Unity\\Hub\\Editor\\2020.3.32f1\\Editor\\Unity.exe -projectpath C:\\Users\\Sean\\Unity\\Games and AI\\Group 17 - Project 2 -useHub -hubIPC -cloudEnvironment production -licensingIpc LicenseClient-Sean -hubSessionId 245cd350-dfc4-11ec-80e0-bdbf172247a4 -accessToken NB8c8qG2eUE1uxfe2R-BVqe2--2uBdAgysw8qP_qNfE00ff","communication_protocol_version":"1.5.0","com.unity.ml-agents_version":"2.0.1","scene_name":"Main","end_time_seconds":"1653982995"}}